Range,Mean CPU Time (microseconds)
10,275947244.3693987
11,277265511.261599
12,276587247.4261967
13,276167279.0817975
14,276410453.61689174
15,277542819.7126981
16,277925243.88990426
17,567586089.7470033
18,561905292.6876029
19,567411788.8167965
20,568465882.2105033
21,565161437.1713979
22,567533941.0253975
23,566673326.713103
24,566510534.3897011
25,566718020.5149024
