Range,Mean CPU Time (microseconds)
10,19019223.74400001
11,19146446.666100018
12,23927554.089200385
13,24116892.731000192
14,24151485.417799994
15,24303521.570699375
16,24430310.52400002
17,28025976.8048003
18,29545492.779699635
19,32432992.953199573
20,32398985.064799488
21,38343137.859800115
22,38379664.04620056
23,38418406.71350001
24,38483663.31770012
25,38679311.042799965
