Range,Mean CPU Time (microseconds)
10,9415286.156699859
11,9459750.878500018
12,11813789.638399886
13,11864190.387300186
14,11915043.916500146
15,11992923.364000127
16,13767190.741700325
17,14652676.533299748
18,14724270.820200035
19,16119042.214100044
20,16112740.731300076
21,18923199.88250001
22,19055040.013899997
23,19112845.297100104
24,19089988.817299854
25,19157197.72709981
