Range,Mean CPU Time (microseconds)
10,7946413.508199999
11,9339327.452000005
12,9399148.555299995
13,9468365.328300012
14,11816107.725699978
15,11888863.398200009
16,11964709.557500057
17,12005486.173800046
18,13765037.797099922
19,14652646.711499939
20,14702784.227500115
21,16117099.517600035
22,16124729.152799955
23,18911537.86569994
24,18989661.866999995
25,19136258.813500263
