Range,Mean CPU Time (microseconds)
10,128737946.13360079
11,128860465.26389547
12,128793315.23829897
13,129124557.48450594
14,129000513.63490348
15,272580717.961202
16,272436534.63399684
17,275094754.9550008
18,276440940.1490033
19,274968976.73750067
20,276148482.24361193
21,274916213.5749939
22,275552412.3137118
23,276742785.6941009
24,276959839.3839959
25,275435974.0760992
