Range,Mean CPU Time (microseconds)
10,9496146.519900504
11,11816859.174800996
12,11851941.672799513
13,11923353.510800008
14,11981600.398200316
15,13718634.22059978
16,14575522.163099233
17,14712145.968900586
18,16067103.417200271
19,16106625.188999897
20,18919116.25569919
21,18988682.754301406
22,19110975.7650971
23,19128236.595400814
24,19240128.398200613
25,23903901.716400288
