Range,Mean CPU Time (microseconds)
10,128495909.73969898
11,128775927.67499736
12,128799266.58709884
13,128887658.37620012
14,128862859.98989916
15,128936144.90880136
16,274610253.12760174
17,273568953.8175982
18,274902112.7788001
19,275347864.43069756
20,275017467.8913929
21,275417289.6956006
22,275063597.737503
23,275174298.69700277
24,275181567.5393969
25,275155558.5375987
