Range,Mean CPU Time (microseconds)
10,130243764.17979947
11,129679361.13609903
12,129748740.90609956
13,129772201.20580022
14,129824522.39139967
15,129903715.7105995
16,129980261.4744025
17,130682373.62829824
18,276288772.7179011
19,274324447.7788991
20,275615417.3408984
21,275439468.706098
22,276784613.7914981
23,276692715.15909934
24,276123281.1721973
25,275176776.2714997
