Range,Mean CPU Time (microseconds)
19,17396833.9723336
20,17456937.48133302
21,17500640.13966706
22,17541836.068666574
23,17555803.453332677
24,17578792.59933361
25,17604199.501667004
