Range,Mean CPU Time (microseconds)
10,76121.56311127669
11,83616.13654979011
12,89837.61405015684
13,96139.18062864937
14,104404.17697131386
15,111438.89905009323
16,117313.03761674403
17,122890.50013326536
18,129703.63760017793
19,136626.3351397356
20,143348.81835980923
21,150293.46636030826
22,156645.24422481918
23,165281.69094981422
24,171182.53180033207
25,177657.77197473653
