Range,Mean CPU Time (microseconds)
10,7757879.132212838
11,7803453.129902482
12,7842559.452203569
13,7879208.323697093
14,7912566.525099101
15,7949349.166196771
16,7981004.527100595
17,8019311.351503712
18,17776696.081092812
19,17192611.993666694
20,17289200.946999926
21,17326784.23499995
22,17370995.648666542
23,17508650.41966669
24,17547295.821999796
25,17655689.02933349
