Range,Mean CPU Time (microseconds)
10,89425.3659873357
11,95379.96914295947
12,103853.4104569408
13,109991.369433313
14,116448.59124996098
15,123018.48931674616
16,129318.32178015611
17,136940.44838004632
18,143465.30579990943
19,150831.95472005173
20,157029.5839001119
21,165995.80482507008
22,171805.68242529262
23,178609.4795248573
24,184375.41729999793
25,189898.6991998754
