Range,Mean CPU Time (microseconds)
19,34595146.51133395
20,34611235.1640016
21,34481512.69266721
22,34565682.86566592
23,34662109.04533364
24,34774603.05366791
25,34824367.52399856
