Range,Mean CPU Time (microseconds)
10,170700.35422511864
11,183465.31155002597
12,200100.81812488352
13,212593.48759995197
14,225166.85279988457
15,237517.3013667033
16,251028.7165663613
17,266334.6120001128
18,279081.7405332443
19,292807.28090052435
20,304371.03080003
21,320789.381949362
22,336030.55544954265
23,345914.52655149624
24,358470.1453517483
25,371634.5977998572
