Range,Mean CPU Time (microseconds)
19,17356710.578331936
20,17387399.744332165
21,17414041.08866603
22,17448312.03500022
23,17494469.118667133
24,17512523.930997606
25,17554146.064666077
