Range,Mean CPU Time (microseconds)
10,95411.73375681476
11,103980.5272140906
12,110018.93788367549
13,116947.26763283447
14,123312.64824970276
15,129921.3308194885
16,136993.50218026666
17,143491.2812206312
18,151042.94046061116
19,157178.81574964852
20,165078.26562447008
21,171929.5582995983
22,178197.34369950314
23,184532.05814985267
24,191420.03602501066
25,200939.02199975372
